airline,date_of_journey,source,destination,dep_time,arrival_time,duration,total_stops,additional_info,price
Air India,2019-06-27,Delhi,Cochin,20:15:00,19:15:00,1380,2.0,No Info,13591
Jet Airways,2019-04-21,Banglore,Delhi,18:55:00,22:00:00,185,0.0,In-flight meal not included,4544
Multiple Carriers,2019-05-27,Delhi,Cochin,17:45:00,01:30:00,465,1.0,No Info,6795
Jet Airways,2019-05-06,Kolkata,Banglore,06:30:00,18:15:00,705,1.0,In-flight meal not included,10844
Goair,2019-06-09,Delhi,Cochin,10:35:00,19:35:00,540,1.0,No Info,5281
Jet Airways,2019-03-09,Delhi,Cochin,02:15:00,04:25:00,1570,1.0,No Info,15029
Air Asia,2019-06-12,Kolkata,Banglore,22:40:00,10:40:00,720,1.0,No Info,5192
Indigo,2019-04-24,Delhi,Cochin,06:50:00,12:10:00,320,1.0,No Info,5298
Air India,2019-05-21,Delhi,Cochin,08:00:00,19:15:00,675,1.0,No Info,8372
Jet Airways,2019-03-01,Banglore,New Delhi,22:50:00,09:30:00,640,1.0,1 Long layover,31825
Multiple Carriers,2019-05-09,Delhi,Cochin,11:30:00,19:15:00,465,1.0,No Info,14323
Indigo,2019-05-24,Kolkata,Banglore,04:40:00,07:15:00,155,0.0,No Info,4804
Jet Airways,2019-03-21,Banglore,New Delhi,05:45:00,15:15:00,570,1.0,In-flight meal not included,7832
Air India,2019-06-01,Delhi,Cochin,17:00:00,19:15:00,1575,1.0,No Info,8792
Jet Airways,2019-05-06,Kolkata,Banglore,21:10:00,08:15:00,665,1.0,In-flight meal not included,7757
Air India,2019-03-27,Delhi,Cochin,07:00:00,19:15:00,735,1.0,No Info,6377
Jet Airways,2019-05-24,Kolkata,Banglore,21:10:00,08:15:00,665,1.0,No Info,14178
Indigo,2019-03-27,Delhi,Cochin,07:35:00,16:10:00,515,1.0,No Info,6442
Air India,2019-03-12,Mumbai,Hyderabad,09:40:00,15:15:00,1775,3.0,No Info,18293
Vistara,2019-05-21,Kolkata,Banglore,20:20:00,23:25:00,1625,1.0,No Info,9345
Spicejet,2019-03-12,Chennai,Kolkata,09:30:00,12:05:00,155,0.0,No Info,6300
Jet Airways,2019-06-12,Kolkata,Banglore,08:25:00,20:45:00,740,1.0,In-flight meal not included,9899
Jet Airways,2019-04-01,Kolkata,Banglore,20:00:00,16:20:00,1220,1.0,In-flight meal not included,7064
Indigo,2019-04-27,Delhi,Cochin,07:35:00,12:10:00,275,1.0,No Info,5073
Jet Airways,2019-06-27,Delhi,Cochin,23:05:00,19:00:00,1195,2.0,In-flight meal not included,11150
Multiple Carriers,2019-06-24,Delhi,Cochin,10:20:00,19:00:00,520,1.0,In-flight meal not included,10791
Indigo,2019-06-24,Kolkata,Banglore,09:35:00,12:20:00,165,0.0,No Info,4804
Indigo,2019-03-24,Banglore,New Delhi,08:30:00,11:30:00,180,0.0,No Info,6144
Jet Airways,2019-04-01,Kolkata,Banglore,20:00:00,22:35:00,1595,1.0,In-flight meal not included,7064
Indigo,2019-05-12,Chennai,Kolkata,13:15:00,15:35:00,140,0.0,No Info,3597
Jet Airways,2019-06-15,Delhi,Cochin,05:30:00,19:00:00,810,2.0,No Info,13292
Indigo,2019-06-01,Delhi,Cochin,14:20:00,22:30:00,490,1.0,No Info,6938
Jet Airways,2019-03-01,Banglore,New Delhi,07:00:00,15:15:00,495,1.0,No Info,26890
Jet Airways,2019-06-24,Delhi,Cochin,20:00:00,04:25:00,505,2.0,No Info,14300
Indigo,2019-03-06,Kolkata,Banglore,15:20:00,17:55:00,155,0.0,No Info,5618
Jet Airways,2019-05-18,Kolkata,Banglore,21:10:00,10:05:00,775,1.0,No Info,13941
Multiple Carriers,2019-05-18,Delhi,Cochin,12:50:00,01:30:00,760,1.0,No Info,7670
Indigo,2019-03-09,Delhi,Cochin,21:05:00,01:45:00,280,1.0,No Info,6937
Multiple Carriers,2019-06-09,Delhi,Cochin,02:15:00,11:30:00,555,1.0,No Info,13587
Air India,2019-05-21,Kolkata,Banglore,07:00:00,20:25:00,805,1.0,No Info,11096
Spicejet,2019-05-27,Kolkata,Banglore,06:55:00,09:30:00,155,0.0,No Info,3873
Indigo,2019-05-03,Banglore,Delhi,07:10:00,10:05:00,175,0.0,No Info,4823
Air India,2019-03-09,Delhi,Cochin,05:55:00,19:15:00,800,2.0,No Info,18736
Jet Airways,2019-05-09,Delhi,Cochin,09:00:00,04:25:00,1165,1.0,In-flight meal not included,12373
Indigo,2019-03-18,Mumbai,Hyderabad,02:30:00,04:00:00,90,0.0,No Info,2754
Spicejet,2019-05-01,Chennai,Kolkata,09:45:00,12:00:00,135,0.0,No check-in baggage included,3543
Multiple Carriers,2019-06-15,Delhi,Cochin,15:05:00,01:30:00,625,2.0,No Info,15965
Air India,2019-03-03,Banglore,New Delhi,06:10:00,08:55:00,165,0.0,No Info,7591
Multiple Carriers,2019-03-06,Delhi,Cochin,04:00:00,18:50:00,890,1.0,No Info,13399
Spicejet,2019-05-06,Chennai,Kolkata,08:20:00,10:35:00,135,0.0,No check-in baggage included,3859
Multiple Carriers,2019-06-01,Delhi,Cochin,11:30:00,19:15:00,465,1.0,No Info,16108
Indigo,2019-04-18,Banglore,Delhi,20:00:00,22:50:00,170,0.0,No Info,4823
Air Asia,2019-03-18,Kolkata,Banglore,19:35:00,22:05:00,150,0.0,No Info,4384
Vistara,2019-06-18,Delhi,Cochin,06:00:00,09:10:00,190,0.0,No Info,6216
Jet Airways,2019-06-12,Kolkata,Banglore,16:30:00,12:00:00,1170,1.0,No Info,13044
Indigo,2019-06-12,Mumbai,Hyderabad,12:00:00,13:30:00,90,0.0,No Info,2754
Indigo,2019-06-15,Banglore,Delhi,21:15:00,00:15:00,180,0.0,No Info,3943
Jet Airways,2019-06-12,Delhi,Cochin,20:55:00,19:00:00,1325,1.0,In-flight meal not included,10262
Jet Airways,2019-06-03,Delhi,Cochin,09:40:00,12:35:00,1615,2.0,In-flight meal not included,10368
Jet Airways,2019-04-03,Banglore,Delhi,11:10:00,14:05:00,175,0.0,In-flight meal not included,4544
Jet Airways,2019-03-18,Banglore,New Delhi,08:55:00,18:25:00,570,1.0,No Info,12284
Jet Airways,2019-06-03,Delhi,Cochin,19:45:00,12:35:00,1010,1.0,No Info,14714
Air India,2019-05-15,Delhi,Cochin,10:55:00,07:40:00,1245,2.0,No Info,12803
Indigo,2019-05-01,Chennai,Kolkata,07:55:00,10:15:00,140,0.0,No Info,3850
Indigo,2019-03-27,Delhi,Cochin,07:30:00,15:30:00,480,1.0,No Info,8574
Air India,2019-04-27,Banglore,Delhi,21:05:00,23:55:00,170,0.0,No Info,5228
Air India,2019-06-09,Delhi,Cochin,21:00:00,07:40:00,640,1.0,No Info,8372
Indigo,2019-05-15,Kolkata,Banglore,07:10:00,12:40:00,330,1.0,No Info,4864
Jet Airways,2019-06-12,Delhi,Cochin,22:50:00,12:35:00,825,1.0,In-flight meal not included,10262
Indigo,2019-03-06,Delhi,Cochin,04:55:00,16:10:00,675,1.0,No Info,6171
Jet Airways,2019-03-06,Banglore,New Delhi,08:55:00,15:15:00,380,1.0,No Info,19225
Multiple Carriers,2019-06-06,Delhi,Cochin,07:05:00,19:15:00,730,1.0,No Info,14848
Multiple Carriers,2019-03-27,Delhi,Cochin,17:45:00,01:35:00,470,1.0,No Info,7845
Jet Airways,2019-05-18,Kolkata,Banglore,17:00:00,09:45:00,1005,1.0,No Info,14151
Air India,2019-04-24,Banglore,Delhi,13:20:00,16:10:00,170,0.0,No Info,6121
Air India,2019-03-21,Delhi,Cochin,06:50:00,19:15:00,2185,2.0,No Info,10756
Jet Airways,2019-05-21,Kolkata,Banglore,08:25:00,08:15:00,1430,1.0,No Info,13941
Goair,2019-04-12,Banglore,Delhi,11:40:00,14:30:00,170,0.0,No Info,4937
Jet Airways,2019-06-27,Delhi,Cochin,21:25:00,12:35:00,910,2.0,In-flight meal not included,11507
Spicejet,2019-04-15,Delhi,Cochin,06:05:00,11:20:00,315,1.0,No Info,5583
Jet Airways,2019-03-15,Banglore,New Delhi,08:55:00,18:25:00,570,1.0,In-flight meal not included,9134
Vistara,2019-05-18,Kolkata,Banglore,17:00:00,20:20:00,1640,1.0,No Info,9555
Jet Airways,2019-04-03,Banglore,Delhi,07:10:00,10:10:00,180,0.0,In-flight meal not included,4544
Indigo,2019-04-09,Delhi,Cochin,16:00:00,01:30:00,570,1.0,No Info,6573
Air India,2019-06-12,Delhi,Cochin,09:45:00,08:15:00,1350,1.0,No Info,8991
Spicejet,2019-05-03,Kolkata,Banglore,09:00:00,11:25:00,145,0.0,No check-in baggage included,3841
Multiple Carriers,2019-03-06,Delhi,Cochin,09:00:00,15:30:00,390,1.0,No Info,15078
Air India,2019-05-01,Banglore,Delhi,10:00:00,12:45:00,165,0.0,No Info,6121
Air India,2019-05-09,Delhi,Cochin,20:40:00,09:25:00,765,1.0,No Info,7480
Jet Airways,2019-04-27,Banglore,Delhi,19:50:00,22:50:00,180,0.0,In-flight meal not included,4544
Jet Airways,2019-05-21,Delhi,Cochin,17:30:00,04:25:00,655,1.0,In-flight meal not included,12898
Jet Airways,2019-03-24,Kolkata,Banglore,13:55:00,04:45:00,890,1.0,No Info,13759
Jet Airways,2019-05-09,Delhi,Cochin,05:30:00,04:25:00,1375,2.0,No Info,15129
Air India,2019-06-03,Delhi,Cochin,18:05:00,21:10:00,185,0.0,No Info,6934
Vistara,2019-05-21,Kolkata,Banglore,07:10:00,20:20:00,790,1.0,No Info,9345
Jet Airways,2019-06-09,Kolkata,Banglore,20:00:00,16:20:00,1220,1.0,In-flight meal not included,10844
Indigo,2019-03-21,Delhi,Cochin,04:45:00,21:00:00,975,1.0,No Info,6314
Jet Airways,2019-05-09,Kolkata,Banglore,06:30:00,16:20:00,590,1.0,No Info,13941
Air India,2019-03-06,Mumbai,Hyderabad,09:15:00,09:15:00,1440,1.0,No Info,9535
Multiple Carriers,2019-06-24,Delhi,Cochin,15:15:00,01:30:00,615,1.0,In-flight meal not included,5797
Jet Airways,2019-05-12,Kolkata,Banglore,16:30:00,22:35:00,365,1.0,In-flight meal not included,10844
Jet Airways,2019-06-27,Delhi,Cochin,11:30:00,19:00:00,450,1.0,In-flight meal not included,10262
Indigo,2019-03-24,Banglore,New Delhi,10:10:00,13:00:00,170,0.0,No Info,4777
Air India,2019-03-09,Delhi,Cochin,07:05:00,19:15:00,2170,2.0,No Info,11762
Indigo,2019-05-15,Delhi,Cochin,23:30:00,04:35:00,305,1.0,No Info,10123
Indigo,2019-04-03,Mumbai,Hyderabad,19:05:00,20:35:00,90,0.0,No Info,2754
Air India,2019-05-21,Delhi,Cochin,17:40:00,08:15:00,875,1.0,No Info,8151
Indigo,2019-05-21,Banglore,Delhi,07:10:00,10:05:00,175,0.0,No Info,4823
Jet Airways,2019-06-06,Kolkata,Banglore,16:30:00,22:35:00,365,1.0,In-flight meal not included,10844
Indigo,2019-04-03,Kolkata,Banglore,04:40:00,07:15:00,155,0.0,No Info,4174
Jet Airways,2019-05-21,Kolkata,Banglore,21:10:00,12:00:00,890,1.0,In-flight meal not included,10844
Indigo,2019-03-01,Kolkata,Banglore,14:20:00,16:55:00,155,0.0,No Info,6565
Jet Airways,2019-05-01,Banglore,Delhi,06:00:00,08:45:00,165,0.0,In-flight meal not included,4030
Indigo,2019-04-21,Delhi,Cochin,02:00:00,07:45:00,345,1.0,No Info,6258
Multiple Carriers,2019-06-06,Delhi,Cochin,06:00:00,21:00:00,900,1.0,No Info,7005
Multiple Carriers,2019-06-03,Delhi,Cochin,18:15:00,01:30:00,435,1.0,No Info,13377
Vistara,2019-05-21,Kolkata,Banglore,20:20:00,18:50:00,1350,1.0,No Info,9345
Air India,2019-05-06,Kolkata,Banglore,09:25:00,18:30:00,545,1.0,No Info,8891
Jet Airways,2019-05-09,Banglore,Delhi,15:15:00,18:10:00,175,0.0,No Info,7229
Indigo,2019-04-18,Banglore,Delhi,08:30:00,11:20:00,170,0.0,No Info,5740
Jet Airways,2019-05-09,Delhi,Cochin,02:15:00,12:35:00,620,1.0,In-flight meal not included,12373
Air India,2019-05-24,Delhi,Cochin,23:00:00,19:15:00,1215,1.0,No Info,8582
Jet Airways,2019-03-15,Banglore,New Delhi,08:55:00,16:10:00,435,1.0,In-flight meal not included,9134
Jet Airways,2019-06-27,Delhi,Cochin,09:00:00,19:00:00,600,1.0,No Info,14714
Air India,2019-05-09,Delhi,Cochin,13:15:00,09:25:00,1210,2.0,No Info,9417
Multiple Carriers,2019-03-01,Delhi,Cochin,14:35:00,22:20:00,465,1.0,No Info,14762
Air India,2019-03-12,Banglore,New Delhi,11:05:00,22:10:00,665,2.0,No Info,11948
Jet Airways,2019-06-09,Kolkata,Banglore,09:35:00,21:05:00,690,1.0,In-flight meal not included,13994
Air Asia,2019-06-06,Kolkata,Banglore,22:40:00,10:40:00,720,1.0,No Info,6810
Air India,2019-05-18,Delhi,Cochin,17:15:00,19:15:00,1560,2.0,No Info,12409
Spicejet,2019-03-24,Kolkata,Banglore,17:15:00,19:45:00,150,0.0,No Info,6461
Indigo,2019-04-09,Kolkata,Banglore,20:20:00,22:55:00,155,0.0,No Info,4488
Indigo,2019-06-12,Banglore,Delhi,13:00:00,15:50:00,170,0.0,No Info,3943
Vistara,2019-05-12,Delhi,Cochin,14:40:00,17:50:00,190,0.0,No Info,6216
Jet Airways,2019-06-03,Delhi,Cochin,09:40:00,12:35:00,1615,2.0,No Info,13014
Multiple Carriers,2019-06-12,Delhi,Cochin,11:25:00,19:00:00,455,1.0,No Info,10877
Spicejet,2019-03-18,Mumbai,Hyderabad,05:45:00,07:05:00,80,0.0,No Info,2437
Jet Airways,2019-06-09,Mumbai,Hyderabad,10:20:00,11:50:00,90,0.0,No Info,5678
Jet Airways,2019-06-06,Mumbai,Hyderabad,02:55:00,04:20:00,85,0.0,In-flight meal not included,4050
Jet Airways,2019-03-24,Kolkata,Banglore,18:55:00,18:10:00,1395,1.0,In-flight meal not included,11134
Indigo,2019-05-12,Kolkata,Banglore,19:20:00,23:45:00,265,1.0,No Info,4205
Indigo,2019-06-12,Delhi,Cochin,04:55:00,21:00:00,965,1.0,No Info,5894
Multiple Carriers,2019-03-27,Delhi,Cochin,08:25:00,19:15:00,650,1.0,No Info,8601
Indigo,2019-03-03,Delhi,Cochin,06:40:00,12:00:00,320,1.0,No Info,9304
Air India,2019-06-09,Kolkata,Banglore,16:50:00,05:35:00,765,2.0,No Info,11642
Vistara,2019-03-09,Banglore,New Delhi,16:10:00,18:50:00,160,0.0,No Info,7923
Spicejet,2019-03-06,Delhi,Cochin,06:10:00,11:20:00,310,1.0,No Info,9748
Jet Airways,2019-03-27,Delhi,Cochin,06:20:00,19:45:00,2245,2.0,No Info,12273
Jet Airways,2019-05-09,Kolkata,Banglore,09:35:00,09:45:00,1450,1.0,No Info,12121
Spicejet,2019-05-27,Kolkata,Banglore,22:20:00,00:40:00,140,0.0,No Info,3873
Indigo,2019-03-21,Kolkata,Banglore,20:25:00,23:05:00,160,0.0,No Info,4462
Indigo,2019-06-27,Delhi,Cochin,11:25:00,21:00:00,575,1.0,No Info,5894
Multiple Carriers,2019-05-27,Delhi,Cochin,14:00:00,01:30:00,690,1.0,In-flight meal not included,6943
Goair,2019-05-24,Kolkata,Banglore,16:40:00,00:15:00,455,1.0,No Info,8855
Indigo,2019-03-27,Delhi,Cochin,14:30:00,17:35:00,185,0.0,No Info,4729
Air India,2019-05-21,Delhi,Cochin,13:20:00,07:40:00,1100,2.0,No Info,13538
Indigo,2019-06-03,Kolkata,Banglore,11:30:00,14:05:00,155,0.0,No Info,4804
Indigo,2019-06-21,Banglore,Delhi,21:15:00,00:15:00,180,0.0,No Info,3943
Jet Airways,2019-06-01,Delhi,Cochin,18:25:00,04:25:00,600,2.0,No Info,14237
Jet Airways,2019-05-12,Kolkata,Banglore,16:30:00,04:40:00,730,1.0,No Info,14388
Air India,2019-05-12,Kolkata,Banglore,20:45:00,23:20:00,155,0.0,No Info,4880
Air India,2019-05-01,Kolkata,Banglore,05:50:00,16:15:00,2065,2.0,No Info,10991
Air India,2019-05-15,Kolkata,Banglore,09:10:00,04:40:00,1170,2.0,No Info,6117
Jet Airways,2019-06-01,Delhi,Cochin,19:15:00,04:25:00,550,1.0,No Info,14714
Jet Airways,2019-05-21,Delhi,Cochin,15:00:00,04:25:00,805,1.0,In-flight meal not included,12898
Jet Airways,2019-03-21,Delhi,Cochin,18:25:00,18:50:00,1465,2.0,No Info,12347
Jet Airways,2019-05-09,Delhi,Cochin,09:40:00,12:35:00,1615,2.0,No Info,15129
Vistara,2019-06-18,Banglore,Delhi,07:00:00,09:40:00,160,0.0,No Info,4668
Spicejet,2019-04-06,Kolkata,Banglore,22:20:00,00:40:00,140,0.0,No check-in baggage included,3841
Indigo,2019-06-01,Mumbai,Hyderabad,20:05:00,21:40:00,95,0.0,No Info,2227
Spicejet,2019-05-18,Kolkata,Banglore,15:55:00,21:25:00,330,1.0,No Info,8224
Jet Airways,2019-05-24,Kolkata,Banglore,18:55:00,08:15:00,800,1.0,In-flight meal not included,8586
Jet Airways,2019-03-24,Mumbai,Hyderabad,19:35:00,21:05:00,90,0.0,No Info,5678
Jet Airways,2019-06-24,Delhi,Cochin,17:30:00,19:00:00,1530,1.0,In-flight meal not included,10262
Jet Airways,2019-06-06,Kolkata,Banglore,08:25:00,20:45:00,740,1.0,In-flight meal not included,10844
Jet Airways,2019-05-06,Banglore,Delhi,06:00:00,08:45:00,165,0.0,No Info,7229
Indigo,2019-05-27,Banglore,Delhi,23:30:00,02:20:00,170,0.0,No Info,3943
Jet Airways,2019-05-27,Delhi,Cochin,09:00:00,19:00:00,600,1.0,In-flight meal not included,10675
Jet Airways,2019-05-01,Kolkata,Banglore,21:10:00,10:05:00,775,1.0,No Info,14781
Jet Airways,2019-03-27,Delhi,Cochin,09:00:00,18:50:00,590,1.0,No Info,12032
Air India,2019-06-24,Delhi,Cochin,17:15:00,19:15:00,1560,2.0,No Info,11972
Indigo,2019-05-21,Chennai,Kolkata,07:55:00,10:15:00,140,0.0,No Info,3850
Jet Airways,2019-03-01,Banglore,New Delhi,14:05:00,21:20:00,435,1.0,No Info,36235
Indigo,2019-06-06,Delhi,Cochin,16:00:00,01:30:00,570,1.0,No Info,6316
Indigo,2019-06-27,Delhi,Cochin,05:35:00,08:50:00,195,0.0,No Info,5000
Jet Airways,2019-05-24,Kolkata,Banglore,14:05:00,09:20:00,1155,1.0,No Info,14178
Vistara,2019-05-01,Banglore,Delhi,21:00:00,23:50:00,170,0.0,No Info,4668
Jet Airways,2019-06-09,Mumbai,Hyderabad,02:55:00,04:20:00,85,0.0,In-flight meal not included,4050
Air India,2019-06-09,Kolkata,Banglore,20:30:00,20:25:00,1435,1.0,No Info,10203
Indigo,2019-06-18,Banglore,Delhi,05:30:00,08:20:00,170,0.0,No Info,3943
Spicejet,2019-03-09,Delhi,Cochin,06:10:00,11:20:00,310,1.0,No Info,8382
Air India,2019-03-21,Delhi,Cochin,09:45:00,09:25:00,1420,2.0,No Info,8140
Jet Airways,2019-06-09,Kolkata,Banglore,20:25:00,22:05:00,1540,1.0,In-flight meal not included,10539
Spicejet,2019-04-15,Kolkata,Banglore,22:20:00,00:40:00,140,0.0,No Info,3873
Vistara,2019-06-27,Banglore,Delhi,17:00:00,19:35:00,155,0.0,No Info,4878
Jet Airways,2019-06-12,Kolkata,Banglore,14:05:00,10:05:00,1200,1.0,No Info,13044
Jet Airways,2019-03-01,Banglore,New Delhi,11:40:00,07:40:00,1200,1.0,No Info,22270
Indigo,2019-06-03,Kolkata,Banglore,17:15:00,19:50:00,155,0.0,No Info,4804
Jet Airways,2019-03-21,Banglore,New Delhi,14:05:00,10:25:00,1220,1.0,In-flight meal not included,7832
Indigo,2019-05-24,Mumbai,Hyderabad,09:10:00,10:40:00,90,0.0,No Info,5755
Vistara,2019-06-03,Chennai,Kolkata,17:45:00,20:05:00,140,0.0,No Info,11982
Spicejet,2019-05-01,Kolkata,Banglore,17:10:00,19:40:00,150,0.0,No Info,4174
Jet Airways,2019-03-24,Kolkata,Banglore,19:45:00,04:45:00,540,1.0,No Info,13759
Air India,2019-05-06,Kolkata,Banglore,19:00:00,04:40:00,580,1.0,No Info,6117
Goair,2019-06-09,Banglore,Delhi,07:45:00,10:40:00,175,0.0,No Info,3898
Air India,2019-04-01,Kolkata,Banglore,07:00:00,10:00:00,1620,2.0,No Info,9836
Air Asia,2019-06-15,Delhi,Cochin,07:55:00,22:25:00,870,1.0,No Info,6253
Air India,2019-06-15,Delhi,Cochin,06:10:00,23:00:00,1010,1.0,No Info,8907
Spicejet,2019-05-24,Banglore,Delhi,21:10:00,00:05:00,175,0.0,No check-in baggage included,3919
Air Asia,2019-03-24,Banglore,New Delhi,23:25:00,02:10:00,165,0.0,No Info,3383
Indigo,2019-05-09,Delhi,Cochin,07:30:00,21:00:00,810,1.0,No Info,7191
Air India,2019-06-12,Delhi,Cochin,12:00:00,19:15:00,435,2.0,No Info,8603
Multiple Carriers,2019-05-18,Delhi,Cochin,09:00:00,19:15:00,615,1.0,No Info,14533
Indigo,2019-03-09,Delhi,Cochin,07:35:00,16:10:00,515,1.0,No Info,6674
Air India,2019-03-01,Banglore,New Delhi,06:45:00,11:10:00,1705,2.0,No Info,20999
Jet Airways,2019-05-21,Delhi,Cochin,19:30:00,04:25:00,535,2.0,No Info,15129
Indigo,2019-04-15,Kolkata,Banglore,15:15:00,20:05:00,290,1.0,No Info,4775
Vistara,2019-05-09,Kolkata,Banglore,17:00:00,18:50:00,1550,1.0,No Info,8820
Spicejet,2019-04-01,Kolkata,Banglore,22:20:00,00:40:00,140,0.0,No check-in baggage included,3841
Jet Airways,2019-03-06,Delhi,Cochin,17:55:00,04:25:00,2070,2.0,In-flight meal not included,15812
Indigo,2019-05-06,Chennai,Kolkata,13:15:00,15:35:00,140,0.0,No Info,3597
Spicejet,2019-06-06,Kolkata,Banglore,08:35:00,17:15:00,520,1.0,No Info,6643
Jet Airways,2019-03-18,Banglore,New Delhi,11:40:00,07:40:00,1200,1.0,No Info,12284
Spicejet,2019-04-12,Kolkata,Banglore,09:00:00,11:25:00,145,0.0,No Info,3873
Air Asia,2019-05-15,Banglore,Delhi,04:55:00,07:45:00,170,0.0,No Info,4282
Jet Airways,2019-06-06,Delhi,Cochin,14:35:00,04:25:00,830,2.0,No Info,13376
Jet Airways,2019-06-15,Delhi,Cochin,11:45:00,04:25:00,1000,2.0,No Info,13882
Air India,2019-06-01,Mumbai,Hyderabad,21:05:00,22:25:00,80,0.0,No Info,3100
Jet Airways,2019-05-21,Banglore,Delhi,15:50:00,18:45:00,175,0.0,In-flight meal not included,3359
Indigo,2019-03-21,Banglore,New Delhi,10:10:00,13:00:00,170,0.0,No Info,4777
Air Asia,2019-06-18,Kolkata,Banglore,09:45:00,12:15:00,150,0.0,No Info,3807
Goair,2019-04-27,Banglore,Delhi,20:55:00,23:40:00,165,0.0,No Info,3898
Air India,2019-05-03,Kolkata,Banglore,20:45:00,23:20:00,155,0.0,No Info,4145
Jet Airways,2019-03-12,Banglore,New Delhi,22:55:00,18:25:00,1170,1.0,In-flight meal not included,11087
Indigo,2019-05-12,Mumbai,Hyderabad,19:05:00,20:35:00,90,0.0,No Info,2754
Jet Airways,2019-03-21,Delhi,Cochin,13:00:00,18:50:00,350,1.0,In-flight meal not included,6540
Jet Airways,2019-03-12,Banglore,New Delhi,21:25:00,07:40:00,615,1.0,No Info,11717
Indigo,2019-05-18,Kolkata,Banglore,22:15:00,00:50:00,155,0.0,No Info,4804
Jet Airways,2019-03-21,Banglore,New Delhi,18:40:00,07:40:00,780,1.0,In-flight meal not included,7832
Jet Airways,2019-05-27,Delhi,Cochin,20:55:00,12:35:00,940,1.0,In-flight meal not included,12898
Vistara,2019-04-27,Banglore,Delhi,11:30:00,14:20:00,170,0.0,No Info,5403
Spicejet,2019-06-03,Delhi,Cochin,17:55:00,22:50:00,295,1.0,No Info,5409
Air India,2019-05-24,Delhi,Cochin,09:45:00,09:25:00,1420,1.0,No Info,7480
Spicejet,2019-04-03,Banglore,Delhi,21:10:00,00:05:00,175,0.0,No Info,3971
Jet Airways,2019-05-27,Delhi,Cochin,10:00:00,12:35:00,1595,1.0,In-flight meal not included,12898
Spicejet,2019-04-24,Banglore,Delhi,21:10:00,00:05:00,175,0.0,No Info,3625
Jet Airways,2019-05-24,Kolkata,Banglore,21:10:00,04:40:00,450,1.0,In-flight meal not included,9663
Multiple Carriers,2019-03-06,Delhi,Cochin,07:10:00,22:20:00,910,1.0,In-flight meal not included,7563
Multiple Carriers,2019-03-21,Delhi,Cochin,09:00:00,15:30:00,390,1.0,No Info,8307
Indigo,2019-04-21,Banglore,Delhi,23:30:00,02:20:00,170,0.0,No Info,4591
Indigo,2019-03-01,Mumbai,Hyderabad,02:30:00,04:00:00,90,0.0,No Info,16000
Multiple Carriers,2019-06-27,Delhi,Cochin,16:00:00,01:30:00,570,1.0,No Info,13377
Jet Airways,2019-05-18,Kolkata,Banglore,20:00:00,09:20:00,800,1.0,No Info,14781
Jet Airways,2019-04-03,Mumbai,Hyderabad,10:20:00,11:50:00,90,0.0,In-flight meal not included,3205
Air India,2019-06-15,Delhi,Cochin,05:15:00,19:15:00,2280,3.0,No Info,10703
Spicejet,2019-03-24,Chennai,Kolkata,08:20:00,10:35:00,135,0.0,No check-in baggage included,3807
Spicejet,2019-04-01,Kolkata,Banglore,06:55:00,09:30:00,155,0.0,No Info,3873
Spicejet,2019-06-09,Kolkata,Banglore,11:15:00,18:30:00,435,1.0,No Info,9946
Jet Airways,2019-04-01,Kolkata,Banglore,18:55:00,19:50:00,1495,1.0,In-flight meal not included,7064
Air India,2019-05-24,Kolkata,Banglore,20:30:00,20:25:00,1435,1.0,No Info,10413
Multiple Carriers,2019-06-03,Delhi,Cochin,07:30:00,19:15:00,705,1.0,No Info,7354
Jet Airways,2019-05-09,Kolkata,Banglore,20:25:00,21:05:00,1480,1.0,No Info,13067
Jet Airways,2019-06-27,Delhi,Cochin,14:35:00,12:35:00,1320,2.0,In-flight meal not included,10919
Multiple Carriers,2019-06-03,Delhi,Cochin,08:30:00,19:00:00,630,1.0,No Info,11200
Air India,2019-03-15,Banglore,New Delhi,11:50:00,08:55:00,1265,1.0,No Info,5932
Indigo,2019-05-09,Delhi,Cochin,14:25:00,17:40:00,195,0.0,No Info,6015
Jet Airways,2019-05-01,Kolkata,Banglore,16:30:00,04:40:00,730,1.0,In-flight meal not included,8586
Multiple Carriers,2019-03-21,Delhi,Cochin,07:30:00,21:00:00,810,1.0,No Info,9845
Air India,2019-06-27,Delhi,Cochin,16:40:00,19:15:00,1595,2.0,No Info,9653
Jet Airways,2019-06-15,Mumbai,Hyderabad,19:35:00,21:05:00,90,0.0,No Info,5678
Jet Airways,2019-06-24,Delhi,Cochin,20:00:00,04:25:00,505,2.0,In-flight meal not included,12410
Indigo,2019-06-01,Banglore,Delhi,23:30:00,02:20:00,170,0.0,No Info,4591
Vistara,2019-05-18,Banglore,Delhi,19:30:00,22:15:00,165,0.0,No Info,4878
Vistara,2019-06-01,Banglore,Delhi,17:00:00,19:35:00,155,0.0,No Info,4878
Jet Airways,2019-05-21,Kolkata,Banglore,21:10:00,22:35:00,1525,1.0,In-flight meal not included,10844
Multiple Carriers,2019-05-18,Delhi,Cochin,11:25:00,19:15:00,470,1.0,No Info,7997
Jet Airways,2019-03-09,Delhi,Cochin,10:45:00,04:25:00,1060,2.0,No Info,17282
Jet Airways,2019-06-24,Delhi,Cochin,14:00:00,04:25:00,865,1.0,In-flight meal not included,10262
Multiple Carriers,2019-06-09,Delhi,Cochin,15:15:00,01:30:00,615,1.0,No Info,6795
Jet Airways,2019-06-27,Delhi,Cochin,20:00:00,04:25:00,505,2.0,No Info,16263
Jet Airways,2019-03-01,Mumbai,Hyderabad,07:10:00,08:35:00,85,0.0,No Info,17501
Indigo,2019-05-06,Chennai,Kolkata,07:55:00,10:15:00,140,0.0,No Info,3850
Spicejet,2019-05-18,Banglore,Delhi,09:30:00,12:20:00,170,0.0,No Info,4423
Jet Airways,2019-04-03,Banglore,Delhi,08:20:00,11:20:00,180,0.0,No Info,7229
Multiple Carriers,2019-06-01,Delhi,Cochin,12:50:00,19:15:00,385,1.0,No Info,9526
Jet Airways,2019-05-12,Kolkata,Banglore,21:10:00,09:20:00,730,1.0,No Info,14388
Jet Airways,2019-06-01,Delhi,Cochin,17:30:00,19:00:00,1530,1.0,In-flight meal not included,10262
Spicejet,2019-05-01,Chennai,Kolkata,08:20:00,10:35:00,135,0.0,No check-in baggage included,3543
Indigo,2019-06-12,Delhi,Cochin,15:00:00,01:30:00,630,1.0,No Info,5684
Jet Airways,2019-03-21,Delhi,Cochin,13:00:00,18:50:00,1790,2.0,No Info,13082
Jet Airways,2019-05-21,Delhi,Cochin,09:40:00,19:00:00,560,2.0,In-flight meal not included,13029
Indigo,2019-06-12,Delhi,Cochin,16:00:00,01:30:00,570,1.0,No Info,6316
Jet Airways,2019-05-12,Banglore,Delhi,19:50:00,22:50:00,180,0.0,No Info,7229
Spicejet,2019-04-01,Mumbai,Hyderabad,05:45:00,07:15:00,90,0.0,No check-in baggage included,1965
Jet Airways,2019-05-01,Kolkata,Banglore,20:00:00,09:20:00,800,1.0,No Info,14388
Jet Airways,2019-03-21,Delhi,Cochin,19:15:00,04:25:00,550,1.0,No Info,12557
Spicejet,2019-05-27,Kolkata,Banglore,17:10:00,19:40:00,150,0.0,No Info,3873
Indigo,2019-06-06,Delhi,Cochin,07:35:00,16:10:00,515,1.0,No Info,6674
Air India,2019-05-27,Delhi,Cochin,18:30:00,19:15:00,1485,2.0,No Info,12488
Jet Airways,2019-05-21,Delhi,Cochin,21:50:00,19:00:00,1270,1.0,In-flight meal not included,12898
Jet Airways,2019-06-03,Mumbai,Hyderabad,10:20:00,11:50:00,90,0.0,In-flight meal not included,4995
Jet Airways,2019-05-12,Kolkata,Banglore,17:00:00,10:55:00,1075,1.0,No Info,14151
Indigo,2019-03-06,Delhi,Cochin,17:30:00,01:35:00,485,1.0,No Info,14871
Air India,2019-05-12,Kolkata,Banglore,09:25:00,05:35:00,1210,2.0,No Info,11432
Spicejet,2019-05-18,Kolkata,Banglore,11:15:00,18:30:00,435,1.0,No Info,10944
Multiple Carriers,2019-05-27,Delhi,Cochin,11:30:00,19:15:00,465,1.0,No Info,15898
Multiple Carriers,2019-06-09,Delhi,Cochin,07:10:00,22:30:00,920,1.0,No Info,6513
Jet Airways,2019-03-12,Banglore,New Delhi,20:35:00,09:30:00,775,1.0,In-flight meal not included,11087
Jet Airways,2019-05-21,Delhi,Cochin,19:45:00,12:35:00,1010,1.0,In-flight meal not included,12898
Indigo,2019-05-27,Banglore,Delhi,22:10:00,01:00:00,170,0.0,No Info,3749
Spicejet,2019-05-12,Mumbai,Hyderabad,05:45:00,07:15:00,90,0.0,No check-in baggage included,1965
Multiple Carriers,2019-05-21,Delhi,Cochin,11:40:00,21:00:00,560,1.0,No Info,7485
Air India,2019-06-09,Kolkata,Banglore,09:25:00,07:55:00,1350,1.0,No Info,8366
Indigo,2019-04-12,Banglore,Delhi,18:25:00,21:20:00,175,0.0,No Info,4990
Jet Airways,2019-06-27,Delhi,Cochin,19:45:00,19:00:00,1395,1.0,In-flight meal not included,10262
Indigo,2019-03-01,Banglore,New Delhi,07:10:00,10:05:00,175,0.0,No Info,11934
Multiple Carriers,2019-03-21,Delhi,Cochin,06:00:00,12:35:00,395,1.0,No Info,13369
Air India,2019-03-09,Delhi,Cochin,22:00:00,19:15:00,1275,2.0,No Info,14851
Vistara,2019-03-27,Chennai,Kolkata,07:05:00,09:20:00,135,0.0,No Info,3739
Air India,2019-05-18,Kolkata,Banglore,16:45:00,21:05:00,1700,1.0,No Info,7872
Jet Airways,2019-03-27,Mumbai,Hyderabad,07:10:00,08:35:00,85,0.0,No Info,8040
Indigo,2019-06-24,Banglore,Delhi,16:55:00,19:55:00,180,0.0,No Info,4823
Jet Airways,2019-06-15,Delhi,Cochin,21:25:00,19:00:00,1295,2.0,In-flight meal not included,10588
Indigo,2019-05-27,Delhi,Cochin,20:25:00,01:30:00,305,1.0,No Info,5054
Jet Airways,2019-05-01,Kolkata,Banglore,21:10:00,08:15:00,665,1.0,In-flight meal not included,10844
Indigo,2019-05-01,Banglore,Delhi,04:00:00,06:50:00,170,0.0,No Info,3943
Vistara,2019-03-01,Chennai,Kolkata,07:05:00,09:20:00,135,0.0,No Info,9125
Air India,2019-06-09,Kolkata,Banglore,17:30:00,20:25:00,1615,1.0,No Info,10413
Multiple Carriers,2019-06-06,Delhi,Cochin,07:05:00,21:00:00,835,1.0,No Info,13587
Air India,2019-06-09,Delhi,Cochin,20:00:00,19:15:00,1395,1.0,No Info,8372
Air Asia,2019-06-09,Delhi,Cochin,07:55:00,15:45:00,470,1.0,No Info,8759
Spicejet,2019-03-01,Mumbai,Hyderabad,05:45:00,07:05:00,80,0.0,No Info,12475
Jet Airways,2019-06-24,Banglore,Delhi,06:00:00,08:45:00,165,0.0,In-flight meal not included,5769
Jet Airways,2019-06-24,Delhi,Cochin,17:35:00,19:00:00,1525,2.0,No Info,13922
Jet Airways,2019-05-21,Delhi,Cochin,21:50:00,12:35:00,885,1.0,In-flight meal not included,12898
Jet Airways,2019-06-12,Kolkata,Banglore,06:30:00,10:05:00,1655,1.0,In-flight meal not included,8529
Multiple Carriers,2019-05-15,Delhi,Cochin,07:00:00,21:00:00,840,1.0,No Info,8073
Air India,2019-05-24,Mumbai,Hyderabad,19:30:00,20:45:00,75,0.0,No Info,3625
Air India,2019-03-09,Banglore,New Delhi,17:00:00,16:40:00,1420,1.0,No Info,9292
Air India,2019-05-21,Kolkata,Banglore,08:20:00,07:55:00,1415,2.0,No Info,11222
Jet Airways,2019-06-09,Kolkata,Banglore,08:25:00,20:45:00,740,1.0,In-flight meal not included,10844
Jet Airways,2019-06-06,Kolkata,Banglore,09:35:00,18:00:00,505,1.0,In-flight meal not included,10539
Jet Airways,2019-05-21,Delhi,Cochin,13:00:00,04:25:00,925,1.0,In-flight meal not included,12898
Air India,2019-06-03,Delhi,Cochin,20:40:00,09:25:00,765,1.0,No Info,7480
Indigo,2019-05-12,Banglore,Delhi,06:05:00,08:50:00,165,0.0,No Info,4423
Jet Airways,2019-06-01,Delhi,Cochin,19:15:00,04:25:00,550,1.0,In-flight meal not included,10262
Air India,2019-03-15,Delhi,Cochin,18:05:00,21:10:00,185,0.0,No Info,4939
Air India,2019-03-09,Banglore,New Delhi,10:30:00,11:20:00,1490,1.0,No Info,10321
Vistara,2019-04-01,Kolkata,Banglore,07:10:00,10:45:00,1655,1.0,No Info,8505
Air India,2019-06-06,Kolkata,Banglore,16:45:00,08:55:00,970,2.0,No Info,14960
Jet Airways,2019-03-21,Delhi,Cochin,10:45:00,18:50:00,1925,2.0,In-flight meal not included,9270
Air India,2019-05-27,Mumbai,Hyderabad,06:20:00,07:40:00,80,0.0,No Info,3100
Indigo,2019-05-18,Kolkata,Banglore,15:15:00,17:45:00,150,0.0,No Info,4804
Indigo,2019-03-24,Banglore,New Delhi,22:20:00,01:10:00,170,0.0,No Info,4377
Multiple Carriers,2019-05-01,Delhi,Cochin,08:30:00,19:00:00,630,1.0,No Info,9627
Indigo,2019-06-01,Banglore,Delhi,06:05:00,08:50:00,165,0.0,No Info,3943
Air India,2019-05-01,Kolkata,Banglore,10:00:00,05:25:00,1165,2.0,No Info,13899
Vistara,2019-06-12,Kolkata,Banglore,20:20:00,18:50:00,1350,1.0,No Info,8610
Air India,2019-06-06,Delhi,Cochin,09:45:00,09:25:00,1420,1.0,No Info,7952
Jet Airways,2019-05-27,Delhi,Cochin,22:50:00,04:25:00,335,1.0,In-flight meal not included,12898
Vistara,2019-04-01,Kolkata,Banglore,20:20:00,22:55:00,1595,1.0,No Info,7770
Air India,2019-03-01,Banglore,New Delhi,08:50:00,10:35:00,1545,2.0,No Info,31783
Indigo,2019-03-18,Kolkata,Banglore,22:10:00,00:55:00,165,0.0,No Info,4148
Indigo,2019-06-06,Kolkata,Banglore,22:15:00,00:50:00,155,0.0,No Info,4804
Indigo,2019-03-27,Mumbai,Hyderabad,09:10:00,10:40:00,90,0.0,No Info,4392
Spicejet,2019-06-09,Chennai,Kolkata,09:45:00,12:00:00,135,0.0,No Info,3597
Jet Airways,2019-05-06,Kolkata,Banglore,20:25:00,09:45:00,800,1.0,In-flight meal not included,8066
Air India,2019-06-06,Kolkata,Banglore,05:50:00,12:30:00,1840,2.0,No Info,12723
Air India,2019-04-03,Kolkata,Banglore,19:00:00,11:05:00,965,1.0,No Info,4227
Air India,2019-05-21,Banglore,Delhi,17:00:00,19:50:00,170,0.0,No Info,6961
Indigo,2019-05-09,Kolkata,Banglore,11:30:00,14:05:00,155,0.0,No Info,5224
Air India,2019-05-24,Banglore,Delhi,06:10:00,08:55:00,165,0.0,No Info,8273
Spicejet,2019-06-09,Kolkata,Banglore,17:10:00,19:40:00,150,0.0,No Info,4174
Air India,2019-03-21,Banglore,New Delhi,08:15:00,11:20:00,1625,2.0,No Info,7642
Indigo,2019-06-09,Kolkata,Banglore,06:20:00,10:20:00,240,1.0,No Info,4226
Air Asia,2019-05-12,Kolkata,Banglore,19:55:00,22:25:00,150,0.0,No Info,5530
Jet Airways,2019-06-27,Mumbai,Hyderabad,02:55:00,04:20:00,85,0.0,No Info,5678
Spicejet,2019-04-24,Delhi,Cochin,17:55:00,22:50:00,295,1.0,No Info,4957
Jet Airways,2019-05-09,Kolkata,Banglore,17:00:00,09:45:00,1005,1.0,No Info,12121
Jet Airways,2019-03-18,Banglore,New Delhi,16:55:00,23:00:00,365,1.0,In-flight meal not included,11087
Multiple Carriers,2019-06-06,Delhi,Cochin,10:35:00,19:15:00,520,1.0,No Info,7354
Air India,2019-03-12,Mumbai,Hyderabad,19:40:00,09:10:00,810,2.0,No Info,11647
Indigo,2019-05-21,Delhi,Cochin,09:15:00,21:00:00,705,1.0,No Info,7318
Jet Airways,2019-05-21,Delhi,Cochin,20:55:00,12:35:00,940,1.0,In-flight meal not included,12898
Vistara,2019-05-09,Banglore,Delhi,09:45:00,12:35:00,170,0.0,No Info,4668
Jet Airways,2019-06-27,Banglore,Delhi,08:20:00,11:20:00,180,0.0,In-flight meal not included,6478
Air Asia,2019-03-01,Kolkata,Banglore,10:20:00,12:55:00,155,0.0,No Info,5620
Indigo,2019-05-18,Delhi,Cochin,15:10:00,20:00:00,290,1.0,No Info,6496
Air Asia,2019-06-09,Banglore,Delhi,23:55:00,02:45:00,170,0.0,No Info,7120
Jet Airways,2019-03-18,Mumbai,Hyderabad,19:35:00,21:05:00,90,0.0,No Info,5678
Air India,2019-03-06,Banglore,New Delhi,11:50:00,08:55:00,1265,1.0,No Info,14594
Jet Airways,2019-06-01,Banglore,Delhi,07:10:00,10:10:00,180,0.0,No Info,8016
Jet Airways,2019-03-24,Mumbai,Hyderabad,19:35:00,21:05:00,90,0.0,In-flight meal not included,2470
Air India,2019-05-09,Delhi,Cochin,10:00:00,19:15:00,555,1.0,No Info,8372
Air India,2019-03-27,Delhi,Cochin,16:40:00,19:15:00,1595,2.0,No Info,8656
Indigo,2019-06-21,Delhi,Cochin,21:05:00,00:20:00,195,0.0,No Info,5406
Jet Airways,2019-05-09,Kolkata,Banglore,14:05:00,18:15:00,1690,1.0,No Info,13584
Air India,2019-03-01,Banglore,New Delhi,00:30:00,23:55:00,1405,1.0,1 Long layover,12599
Multiple Carriers,2019-06-15,Delhi,Cochin,10:35:00,19:15:00,520,1.0,No Info,8614
Jet Airways,2019-05-09,Kolkata,Banglore,06:30:00,18:15:00,705,1.0,No Info,14781
Indigo,2019-03-01,Banglore,New Delhi,18:25:00,21:20:00,175,0.0,No Info,12649
Indigo,2019-06-27,Kolkata,Banglore,21:25:00,00:05:00,160,0.0,No Info,4804
Jet Airways,2019-05-06,Kolkata,Banglore,14:05:00,23:35:00,570,1.0,In-flight meal not included,11841
Indigo,2019-05-12,Banglore,Delhi,21:15:00,00:15:00,180,0.0,No Info,3943
Multiple Carriers,2019-05-21,Delhi,Cochin,11:25:00,19:00:00,455,1.0,No Info,9103
Vistara,2019-06-06,Kolkata,Banglore,17:00:00,23:25:00,385,1.0,No Info,8610
Multiple Carriers,2019-06-24,Delhi,Cochin,06:00:00,12:35:00,395,1.0,No Info,12524
Multiple Carriers,2019-05-21,Delhi,Cochin,10:00:00,21:00:00,660,1.0,No Info,7888
Indigo,2019-06-09,Kolkata,Banglore,15:30:00,18:05:00,155,0.0,No Info,5224
Indigo,2019-03-03,Mumbai,Hyderabad,06:20:00,07:45:00,85,0.0,No Info,4784
Vistara,2019-05-24,Kolkata,Banglore,17:00:00,09:05:00,965,1.0,No Info,10027
Jet Airways,2019-06-21,Mumbai,Hyderabad,10:20:00,11:50:00,90,0.0,No Info,8040
Jet Airways,2019-04-01,Kolkata,Banglore,09:35:00,19:10:00,575,1.0,No Info,11467
Jet Airways,2019-05-15,Kolkata,Banglore,17:00:00,09:45:00,1005,1.0,No Info,13067
Jet Airways,2019-06-15,Banglore,Delhi,19:50:00,22:50:00,180,0.0,No Info,8016
Indigo,2019-06-12,Delhi,Cochin,07:35:00,12:10:00,275,1.0,No Info,5054
Jet Airways,2019-03-18,Mumbai,Hyderabad,15:50:00,17:20:00,90,0.0,In-flight meal not included,2228
Air India,2019-03-24,Kolkata,Banglore,09:25:00,05:35:00,1210,2.0,No Info,11774
Jet Airways,2019-05-24,Kolkata,Banglore,20:00:00,20:45:00,1485,1.0,In-flight meal not included,10844
Indigo,2019-06-09,Delhi,Cochin,11:25:00,21:00:00,575,1.0,No Info,6416
Jet Airways,2019-04-01,Kolkata,Banglore,20:25:00,18:00:00,1295,1.0,No Info,11467
Indigo,2019-06-24,Kolkata,Banglore,14:25:00,16:55:00,150,0.0,No Info,4804
Indigo,2019-04-24,Delhi,Cochin,15:10:00,20:00:00,290,1.0,No Info,6027
Jet Airways,2019-06-12,Delhi,Cochin,20:00:00,04:25:00,505,2.0,In-flight meal not included,12410
Jet Airways,2019-05-15,Kolkata,Banglore,06:30:00,16:20:00,590,1.0,In-flight meal not included,10844
Spicejet,2019-05-27,Delhi,Cochin,06:05:00,11:20:00,315,1.0,No Info,6749
Jet Airways,2019-03-27,Delhi,Cochin,19:10:00,19:45:00,1475,2.0,No Info,9483
Multiple Carriers,2019-06-06,Delhi,Cochin,08:30:00,19:15:00,645,1.0,No Info,7677
Multiple Carriers,2019-03-21,Delhi,Cochin,09:10:00,18:50:00,580,1.0,No Info,13069
Multiple Carriers,2019-05-21,Delhi,Cochin,09:00:00,21:00:00,720,1.0,No Info,7888
Air Asia,2019-06-03,Kolkata,Banglore,10:20:00,12:55:00,155,0.0,No Info,4409
Air India,2019-03-03,Delhi,Cochin,17:20:00,09:25:00,965,1.0,No Info,16352
Air India,2019-03-21,Mumbai,Hyderabad,13:55:00,15:25:00,90,0.0,No Info,3100
Air India,2019-05-09,Delhi,Cochin,22:00:00,19:15:00,1275,2.0,No Info,10441
Air India,2019-05-01,Delhi,Cochin,22:00:00,19:15:00,1275,2.0,No Info,11281
Vistara,2019-05-15,Banglore,Delhi,19:30:00,22:15:00,165,0.0,No Info,4878
Air India,2019-03-03,Mumbai,Hyderabad,19:30:00,20:45:00,75,0.0,No Info,11185
Indigo,2019-06-01,Banglore,Delhi,04:00:00,06:50:00,170,0.0,No Info,3943
Jet Airways,2019-03-09,Delhi,Cochin,13:45:00,04:25:00,880,2.0,In-flight meal not included,15129
Air India,2019-04-21,Kolkata,Banglore,20:45:00,23:20:00,155,0.0,No Info,4880
Indigo,2019-06-01,Mumbai,Hyderabad,09:15:00,10:45:00,90,0.0,No Info,4049
Air India,2019-06-24,Delhi,Cochin,09:45:00,09:25:00,1420,2.0,No Info,10975
Goair,2019-04-27,Delhi,Cochin,07:25:00,13:35:00,370,1.0,No Info,5140
Air India,2019-06-12,Kolkata,Banglore,16:45:00,08:55:00,970,2.0,No Info,14960
Indigo,2019-06-24,Chennai,Kolkata,19:35:00,21:55:00,140,0.0,No Info,3597
Multiple Carriers,2019-06-09,Delhi,Cochin,03:50:00,19:00:00,910,1.0,No Info,12192
Indigo,2019-04-03,Banglore,Delhi,13:00:00,15:50:00,170,0.0,No Info,4077
Indigo,2019-03-27,Delhi,Cochin,05:05:00,10:05:00,300,1.0,No Info,6827
Jet Airways,2019-06-01,Delhi,Cochin,07:05:00,12:35:00,330,1.0,No Info,16079
Indigo,2019-04-12,Banglore,Delhi,06:05:00,08:50:00,165,0.0,No Info,4990
Jet Airways,2019-05-01,Kolkata,Banglore,06:30:00,09:20:00,1610,1.0,In-flight meal not included,9663
Multiple Carriers,2019-06-01,Delhi,Cochin,09:45:00,22:30:00,765,1.0,No Info,9646
Air India,2019-05-27,Delhi,Cochin,14:10:00,17:10:00,180,0.0,No Info,6934
Indigo,2019-03-21,Delhi,Cochin,02:05:00,07:25:00,320,1.0,No Info,4862
Jet Airways,2019-05-18,Delhi,Cochin,14:00:00,19:00:00,300,1.0,In-flight meal not included,12373
Air Asia,2019-04-01,Kolkata,Banglore,07:35:00,19:25:00,710,1.0,No Info,5192
Air India,2019-05-12,Banglore,Delhi,10:00:00,12:45:00,165,0.0,No Info,5228
Jet Airways,2019-06-09,Delhi,Cochin,13:00:00,19:00:00,360,1.0,No Info,14714
Multiple Carriers,2019-06-03,Delhi,Cochin,09:15:00,19:15:00,600,1.0,No Info,8099
Jet Airways,2019-05-06,Delhi,Cochin,05:30:00,04:25:00,1375,2.0,No Info,15129
Jet Airways,2019-05-21,Banglore,Delhi,07:10:00,10:10:00,180,0.0,No Info,7229
Jet Airways,2019-06-06,Kolkata,Banglore,09:35:00,21:05:00,690,1.0,In-flight meal not included,13469
Jet Airways,2019-05-09,Kolkata,Banglore,17:00:00,14:25:00,1285,1.0,In-flight meal not included,9314
Air Asia,2019-04-12,Banglore,Delhi,23:55:00,02:45:00,170,0.0,No Info,7080
Spicejet,2019-06-18,Mumbai,Hyderabad,22:45:00,00:15:00,90,0.0,No Info,2017
Vistara,2019-06-09,Kolkata,Banglore,20:20:00,23:25:00,1625,1.0,No Info,8085
Goair,2019-05-24,Banglore,Delhi,20:55:00,23:40:00,165,0.0,No Info,3419
Jet Airways,2019-05-21,Kolkata,Banglore,18:55:00,04:40:00,585,1.0,In-flight meal not included,9663
Indigo,2019-06-21,Mumbai,Hyderabad,06:25:00,07:55:00,90,0.0,No Info,4049
Jet Airways,2019-06-03,Mumbai,Hyderabad,19:35:00,21:05:00,90,0.0,No Info,5678
Jet Airways,2019-03-21,Delhi,Cochin,22:00:00,18:50:00,1250,1.0,No Info,12242
Indigo,2019-03-21,Banglore,New Delhi,11:20:00,15:25:00,245,1.0,No Info,5746
Multiple Carriers,2019-05-21,Delhi,Cochin,11:30:00,19:15:00,465,1.0,No Info,14848
Air Asia,2019-04-18,Banglore,Delhi,23:55:00,02:45:00,170,0.0,No Info,4483
Indigo,2019-05-21,Delhi,Cochin,06:40:00,21:00:00,860,1.0,No Info,7006
Indigo,2019-03-09,Kolkata,Banglore,10:10:00,12:55:00,165,0.0,No Info,4462
Spicejet,2019-04-01,Delhi,Cochin,17:55:00,22:50:00,295,1.0,No Info,4957
Jet Airways,2019-06-15,Delhi,Cochin,09:40:00,04:25:00,1125,2.0,No Info,13014
Air India,2019-03-03,Banglore,New Delhi,08:15:00,12:15:00,240,1.0,No Info,6273
Air India,2019-05-18,Kolkata,Banglore,14:35:00,14:35:00,1440,1.0,No Info,6528
Jet Airways,2019-06-15,Delhi,Cochin,02:15:00,12:35:00,620,1.0,No Info,18371
Indigo,2019-05-09,Mumbai,Hyderabad,06:25:00,07:55:00,90,0.0,No Info,4049
Jet Airways,2019-06-15,Delhi,Cochin,11:30:00,04:25:00,1015,1.0,In-flight meal not included,10262
Air India,2019-05-09,Kolkata,Banglore,16:50:00,05:35:00,765,2.0,No Info,11432
Multiple Carriers,2019-06-12,Delhi,Cochin,04:55:00,19:00:00,845,1.0,No Info,10678
Jet Airways,2019-05-27,Delhi,Cochin,17:30:00,12:35:00,1145,1.0,In-flight meal not included,12898
Air India,2019-03-21,Delhi,Cochin,21:00:00,19:15:00,1335,1.0,No Info,6587
Jet Airways,2019-04-01,Kolkata,Banglore,18:55:00,16:20:00,1285,1.0,No Info,12681
Vistara,2019-04-01,Kolkata,Banglore,17:00:00,10:45:00,1065,1.0,No Info,9187
Air India,2019-05-18,Kolkata,Banglore,07:00:00,01:20:00,1100,2.0,No Info,13243
Jet Airways,2019-05-18,Delhi,Cochin,19:30:00,04:25:00,535,2.0,In-flight meal not included,13029
Jet Airways,2019-03-12,Banglore,New Delhi,20:35:00,16:10:00,1175,1.0,In-flight meal not included,11087
Goair,2019-04-27,Delhi,Cochin,10:35:00,19:35:00,540,1.0,No Info,6922
Multiple Carriers,2019-05-21,Delhi,Cochin,12:50:00,01:30:00,760,1.0,No Info,7485
Air Asia,2019-05-09,Kolkata,Banglore,06:50:00,10:30:00,220,1.0,No Info,5162
Multiple Carriers,2019-06-09,Delhi,Cochin,13:00:00,01:30:00,750,1.0,No Info,7198
Air India,2019-05-27,Delhi,Cochin,08:00:00,19:15:00,675,1.0,No Info,9929
Jet Airways,2019-05-06,Kolkata,Banglore,20:00:00,04:40:00,520,1.0,No Info,14388
Jet Airways,2019-03-01,Banglore,New Delhi,07:00:00,21:20:00,860,1.0,No Info,27992
Air India,2019-06-01,Delhi,Cochin,22:00:00,19:15:00,1275,2.0,No Info,10861
Indigo,2019-03-09,Banglore,New Delhi,19:30:00,00:40:00,310,1.0,No Info,7280
Jet Airways,2019-04-03,Delhi,Cochin,02:15:00,04:25:00,1570,1.0,In-flight meal not included,5177
Indigo,2019-03-03,Mumbai,Hyderabad,21:20:00,22:45:00,85,0.0,No Info,4784
Jet Airways,2019-05-06,Kolkata,Banglore,09:35:00,23:35:00,840,1.0,No Info,12121
Jet Airways,2019-05-24,Kolkata,Banglore,20:25:00,09:45:00,800,1.0,In-flight meal not included,12384
Indigo,2019-05-21,Delhi,Cochin,23:30:00,04:35:00,305,1.0,No Info,8745
Multiple Carriers,2019-03-27,Delhi,Cochin,08:00:00,21:00:00,780,1.0,No Info,6883
Jet Airways,2019-06-09,Banglore,Delhi,06:00:00,08:45:00,165,0.0,No Info,8016
Jet Airways,2019-06-24,Delhi,Cochin,23:05:00,12:35:00,810,2.0,No Info,12819
Jet Airways,2019-03-21,Mumbai,Hyderabad,07:10:00,08:35:00,85,0.0,In-flight meal not included,4160
Indigo,2019-04-06,Delhi,Cochin,20:25:00,01:30:00,305,1.0,No Info,5073
Indigo,2019-03-09,Chennai,Kolkata,13:20:00,15:35:00,135,0.0,No Info,6297
Indigo,2019-06-24,Delhi,Cochin,06:50:00,16:10:00,560,1.0,No Info,6442
Multiple Carriers,2019-06-24,Delhi,Cochin,08:00:00,21:00:00,780,1.0,No Info,7618
Indigo,2019-03-21,Banglore,New Delhi,18:25:00,21:20:00,175,0.0,No Info,6144
Jet Airways,2019-05-01,Kolkata,Banglore,09:35:00,09:45:00,1450,1.0,In-flight meal not included,9314
Jet Airways,2019-06-01,Delhi,Cochin,08:00:00,19:00:00,660,1.0,No Info,14714
Indigo,2019-06-09,Mumbai,Hyderabad,12:00:00,13:30:00,90,0.0,No Info,2754
Multiple Carriers,2019-06-01,Delhi,Cochin,11:25:00,19:00:00,455,1.0,No Info,11200
Multiple Carriers,2019-05-15,Delhi,Cochin,07:30:00,21:00:00,810,1.0,No Info,8405
Indigo,2019-06-09,Chennai,Kolkata,11:35:00,14:00:00,145,0.0,No Info,3858
Jet Airways,2019-06-15,Banglore,Delhi,06:00:00,08:45:00,165,0.0,In-flight meal not included,7229
Indigo,2019-06-15,Mumbai,Hyderabad,09:10:00,10:40:00,90,0.0,No Info,4049
Multiple Carriers,2019-06-24,Delhi,Cochin,07:10:00,22:30:00,920,1.0,No Info,6723
Jet Airways,2019-03-21,Banglore,New Delhi,08:55:00,16:10:00,435,1.0,In-flight meal not included,7832
Jet Airways,2019-03-09,Delhi,Cochin,13:45:00,18:50:00,1745,2.0,No Info,18752
Jet Airways,2019-05-24,Kolkata,Banglore,09:35:00,14:25:00,1730,1.0,In-flight meal not included,10703
Vistara,2019-05-06,Kolkata,Banglore,07:10:00,18:50:00,700,1.0,No Info,8610
Jet Airways,2019-05-15,Banglore,Delhi,19:50:00,22:50:00,180,0.0,In-flight meal not included,4030
Jet Airways,2019-05-27,Delhi,Cochin,16:00:00,19:00:00,1620,1.0,In-flight meal not included,12898
Air India,2019-05-01,Kolkata,Banglore,07:00:00,16:15:00,555,1.0,No Info,10203
Indigo,2019-06-27,Chennai,Kolkata,22:05:00,00:25:00,140,0.0,No Info,5277
Jet Airways,2019-06-12,Delhi,Cochin,11:30:00,12:35:00,1505,1.0,In-flight meal not included,10262
Jet Airways,2019-05-15,Kolkata,Banglore,16:30:00,04:40:00,730,1.0,No Info,14781
Vistara,2019-05-18,Kolkata,Banglore,07:10:00,22:40:00,930,1.0,No Info,9187
Air India,2019-06-12,Kolkata,Banglore,10:00:00,13:45:00,1665,2.0,No Info,12224
Multiple Carriers,2019-06-03,Delhi,Cochin,16:00:00,01:30:00,570,1.0,No Info,13377
Jet Airways,2019-05-21,Banglore,Delhi,11:10:00,14:05:00,175,0.0,No Info,7229
Air India,2019-03-12,Banglore,New Delhi,00:30:00,08:45:00,495,1.0,No Info,13492
Jet Airways,2019-05-24,Mumbai,Hyderabad,19:35:00,21:05:00,90,0.0,No Info,5678
Spicejet,2019-04-21,Kolkata,Banglore,22:20:00,00:40:00,140,0.0,No Info,4911
Multiple Carriers,2019-05-21,Delhi,Cochin,02:15:00,11:50:00,575,1.0,No Info,14067
Spicejet,2019-05-09,Banglore,Delhi,21:10:00,00:05:00,175,0.0,No Info,4423
Jet Airways,2019-06-12,Mumbai,Hyderabad,07:05:00,08:30:00,85,0.0,No Info,8040
Jet Airways,2019-05-06,Kolkata,Banglore,16:30:00,23:35:00,425,1.0,In-flight meal not included,11841
Indigo,2019-04-03,Kolkata,Banglore,06:15:00,10:30:00,255,1.0,No Info,4226
Jet Airways,2019-05-21,Delhi,Cochin,19:30:00,12:35:00,1025,2.0,In-flight meal not included,13029
Multiple Carriers,2019-05-27,Delhi,Cochin,10:00:00,21:00:00,660,1.0,No Info,9718
Multiple Carriers,2019-05-21,Delhi,Cochin,16:00:00,01:30:00,570,1.0,No Info,14067
Jet Airways,2019-05-18,Delhi,Cochin,22:50:00,04:25:00,335,1.0,In-flight meal not included,12373
Jet Airways,2019-06-06,Kolkata,Banglore,20:00:00,16:20:00,1220,1.0,No Info,14571
Air India,2019-03-18,Banglore,New Delhi,17:00:00,19:45:00,165,0.0,No Info,11633
Jet Airways,2019-05-12,Kolkata,Banglore,10:20:00,17:35:00,435,1.0,No Info,9358
Jet Airways,2019-06-12,Delhi,Cochin,19:30:00,04:25:00,535,2.0,No Info,13014
Jet Airways,2019-05-09,Kolkata,Banglore,14:05:00,08:15:00,1090,1.0,In-flight meal not included,7757
Multiple Carriers,2019-05-27,Delhi,Cochin,18:15:00,01:30:00,435,1.0,In-flight meal not included,7308
Jet Airways,2019-03-09,Delhi,Cochin,06:50:00,19:45:00,775,1.0,In-flight meal not included,14053
Air India,2019-06-03,Delhi,Cochin,09:45:00,09:25:00,1420,2.0,No Info,10975
Air India,2019-05-01,Kolkata,Banglore,14:15:00,16:45:00,150,0.0,No Info,6245
Jet Airways,2019-05-06,Kolkata,Banglore,06:30:00,16:20:00,590,1.0,In-flight meal not included,10844
Vistara,2019-03-09,Banglore,New Delhi,11:30:00,14:10:00,160,0.0,No Info,7240
Indigo,2019-06-27,Banglore,Delhi,07:10:00,10:05:00,175,0.0,No Info,4823
Air India,2019-06-12,Delhi,Cochin,17:40:00,08:15:00,875,1.0,No Info,8991
Spicejet,2019-06-27,Mumbai,Hyderabad,05:45:00,07:15:00,90,0.0,No Info,2017
Air Asia,2019-05-15,Kolkata,Banglore,10:20:00,12:55:00,155,0.0,No Info,4409
Jet Airways,2019-05-24,Kolkata,Banglore,06:30:00,18:15:00,705,1.0,In-flight meal not included,10844
Multiple Carriers,2019-05-27,Delhi,Cochin,09:00:00,21:00:00,720,1.0,In-flight meal not included,7886
Air India,2019-04-01,Kolkata,Banglore,09:25:00,10:30:00,1505,2.0,No Info,12009
Air Asia,2019-03-18,Kolkata,Banglore,22:50:00,01:20:00,150,0.0,No Info,4082
Goair,2019-05-06,Banglore,Delhi,11:40:00,14:30:00,170,0.0,No Info,3398
Multiple Carriers,2019-06-09,Delhi,Cochin,12:50:00,21:00:00,490,1.0,No Info,7005
Jet Airways,2019-03-18,Banglore,New Delhi,05:45:00,13:15:00,450,1.0,No Info,12284
Air India,2019-05-01,Kolkata,Banglore,09:50:00,08:55:00,1385,2.0,No Info,13227
Multiple Carriers,2019-06-15,Delhi,Cochin,10:00:00,01:30:00,930,1.0,No Info,8510
Air India,2019-03-15,Banglore,New Delhi,10:30:00,11:20:00,1490,1.0,No Info,7013
Jet Airways,2019-04-01,Mumbai,Hyderabad,19:35:00,21:05:00,90,0.0,No Info,5678
Jet Airways,2019-05-06,Kolkata,Banglore,06:30:00,09:20:00,1610,1.0,In-flight meal not included,9663
Jet Airways,2019-05-01,Delhi,Cochin,05:30:00,04:25:00,1375,2.0,No Info,15129
Jet Airways,2019-06-12,Delhi,Cochin,09:00:00,12:35:00,1655,1.0,In-flight meal not included,10262
Jet Airways,2019-06-09,Delhi,Cochin,05:30:00,04:25:00,1375,2.0,In-flight meal not included,10368
Multiple Carriers,2019-05-18,Delhi,Cochin,08:30:00,19:00:00,630,1.0,No Info,9205
Multiple Carriers,2019-03-09,Delhi,Cochin,04:45:00,19:45:00,900,1.0,No Info,10782
Jet Airways,2019-03-01,Banglore,New Delhi,08:00:00,15:15:00,435,1.0,No Info,22270
Spicejet,2019-06-27,Delhi,Cochin,08:45:00,13:15:00,270,1.0,No check-in baggage included,4760
Jet Airways,2019-06-27,Delhi,Cochin,09:40:00,12:35:00,1615,2.0,No Info,13014
Air India,2019-06-24,Mumbai,Hyderabad,06:20:00,07:40:00,80,0.0,No Info,3100
Jet Airways,2019-06-12,Banglore,Delhi,11:10:00,14:05:00,175,0.0,In-flight meal not included,5769
Jet Airways,2019-06-09,Delhi,Cochin,02:15:00,19:00:00,1005,1.0,In-flight meal not included,10262
Air India,2019-03-21,Delhi,Cochin,16:40:00,19:15:00,1595,2.0,No Info,8236
Indigo,2019-06-09,Delhi,Cochin,17:10:00,01:30:00,500,1.0,No Info,6206
Air India,2019-05-27,Delhi,Cochin,18:00:00,19:15:00,1515,1.0,No Info,8372
Indigo,2019-05-27,Kolkata,Banglore,22:15:00,00:50:00,155,0.0,No Info,4804
Jet Airways,2019-06-09,Kolkata,Banglore,06:30:00,23:35:00,1025,1.0,No Info,14571
Multiple Carriers,2019-03-09,Delhi,Cochin,06:50:00,19:15:00,745,1.0,In-flight meal not included,14817
Jet Airways,2019-06-09,Kolkata,Banglore,17:00:00,19:10:00,1570,1.0,No Info,12692
Multiple Carriers,2019-06-01,Delhi,Cochin,07:10:00,22:30:00,920,1.0,No Info,7038
Jet Airways,2019-05-01,Kolkata,Banglore,17:00:00,09:45:00,1005,1.0,No Info,11467
Jet Airways,2019-05-09,Delhi,Cochin,21:50:00,19:00:00,1270,1.0,No Info,15554
Air India,2019-06-06,Delhi,Cochin,13:20:00,07:40:00,1100,2.0,No Info,12751
Indigo,2019-05-21,Kolkata,Banglore,22:15:00,00:50:00,155,0.0,No Info,4804
Goair,2019-03-24,Kolkata,Banglore,22:25:00,07:40:00,555,1.0,No Info,10091
Air India,2019-03-03,Delhi,Cochin,16:40:00,19:15:00,1595,2.0,No Info,14221
Jet Airways,2019-05-27,Delhi,Cochin,13:25:00,19:00:00,1775,2.0,No Info,15129
Jet Airways,2019-06-06,Kolkata,Banglore,18:55:00,12:00:00,1025,1.0,No Info,14571
Jet Airways,2019-05-24,Kolkata,Banglore,16:30:00,04:40:00,730,1.0,No Info,14571
Spicejet,2019-03-24,Banglore,New Delhi,05:45:00,08:35:00,170,0.0,No Info,4377
Jet Airways,2019-06-06,Delhi,Cochin,11:00:00,14:15:00,195,0.0,In-flight meal not included,7202
Indigo,2019-06-09,Delhi,Cochin,16:10:00,22:30:00,380,1.0,No Info,6412
Jet Airways,2019-04-24,Banglore,Delhi,17:45:00,20:45:00,180,0.0,No Info,7229
Jet Airways,2019-04-01,Kolkata,Banglore,16:30:00,23:35:00,425,1.0,In-flight meal not included,7064
Spicejet,2019-05-09,Banglore,Delhi,09:30:00,12:20:00,170,0.0,No Info,4991
Indigo,2019-03-03,Kolkata,Banglore,20:25:00,23:05:00,160,0.0,No Info,6038
Jet Airways,2019-06-15,Delhi,Cochin,12:15:00,12:35:00,1460,2.0,No Info,14300
Indigo,2019-06-01,Chennai,Kolkata,22:05:00,00:25:00,140,0.0,No Info,5277
Air India,2019-04-06,Kolkata,Banglore,20:45:00,23:20:00,155,0.0,No Info,4460
Indigo,2019-03-15,Mumbai,Hyderabad,20:05:00,21:35:00,90,0.0,No Info,2754
Air India,2019-03-27,Delhi,Cochin,17:40:00,08:15:00,875,1.0,No Info,5998
Indigo,2019-06-21,Banglore,Delhi,06:05:00,08:50:00,165,0.0,No Info,3943
Jet Airways,2019-06-03,Delhi,Cochin,19:15:00,12:35:00,1040,1.0,No Info,14714
Jet Airways,2019-05-09,Delhi,Cochin,11:30:00,12:35:00,1505,1.0,In-flight meal not included,12373
Air India,2019-06-01,Delhi,Cochin,22:00:00,19:15:00,1275,2.0,No Info,10441
Multiple Carriers,2019-05-21,Delhi,Cochin,18:00:00,01:30:00,450,1.0,No Info,7888
Air India,2019-06-18,Banglore,Delhi,10:00:00,12:45:00,165,0.0,No Info,6961
Air Asia,2019-03-21,Delhi,Cochin,20:10:00,07:10:00,660,1.0,No Info,6151
Air India,2019-04-15,Banglore,Delhi,10:00:00,12:45:00,165,0.0,No Info,6121
Air Asia,2019-05-18,Delhi,Cochin,07:55:00,22:25:00,870,1.0,No Info,7452
Spicejet,2019-04-27,Banglore,Delhi,05:55:00,08:35:00,160,0.0,No Info,4423
Air India,2019-03-03,Banglore,New Delhi,06:45:00,23:55:00,1030,2.0,No Info,10573
Jet Airways,2019-06-09,Kolkata,Banglore,21:10:00,12:00:00,890,1.0,No Info,14571
Indigo,2019-04-15,Banglore,Delhi,00:30:00,03:25:00,175,0.0,No Info,4284
Vistara,2019-03-15,Banglore,New Delhi,07:00:00,09:40:00,160,0.0,No Info,6138
Multiple Carriers,2019-06-06,Delhi,Cochin,07:30:00,19:00:00,690,1.0,No Info,12524
Spicejet,2019-05-15,Banglore,Delhi,09:30:00,12:20:00,170,0.0,No Info,4423
Indigo,2019-05-09,Kolkata,Banglore,21:25:00,00:05:00,160,0.0,No Info,4804
Multiple Carriers,2019-06-01,Delhi,Cochin,09:15:00,19:15:00,600,1.0,No Info,9779
Jet Airways,2019-03-15,Banglore,New Delhi,21:25:00,05:05:00,460,1.0,No Info,27210
Jet Airways,2019-03-03,Mumbai,Hyderabad,19:35:00,21:05:00,90,0.0,No Info,5678
Multiple Carriers,2019-03-03,Delhi,Cochin,08:00:00,21:00:00,780,1.0,No Info,17057
Jet Airways,2019-03-27,Delhi,Cochin,15:05:00,04:25:00,800,1.0,In-flight meal not included,6017
Jet Airways,2019-05-09,Kolkata,Banglore,20:25:00,18:00:00,1295,1.0,No Info,11467
